isin,security_name,index
DE000ENER6Y0,Siemens Energy AG,DE_large
DE000SYM9999,Symrise AG,DE_large
DE000PAH0038,Porsche Automobil Holding SE,DE_large
DE000A0D9PT0,MTU Aero Engines AG,DE_large
DE0007030009,Rheinmetall AG,DE_large
DE000DTR0CK8,Daimler Truck Holding AG,DE_large
DE000SHL1006,Siemens Healthineers AG,DE_large
DE000ZAL1111,Zalando SE,DE_large
NL0015002CX3,QIAGEN NV,DE_large
DE0007165631,Sartorius AG,DE_large
DE000A1DAHH0,Brenntag SE,DE_large
NL0000235190,Airbus SE,DE_large
DE0008404005,Allianz SE,DE_large
DE0007037129,RWE AG,DE_large
DE000BAY0017,Bayer AG,DE_large
DE0005190003,Bayerische Motoren Werke AG,DE_large
DE000CBK1001,Commerzbank AG,DE_large
DE0005140008,Deutsche Bank AG,DE_large
DE000BASF111,BASF SE,DE_large
DE0006048432,Henkel AG & Co KGaA,DE_large
DE0007236101,Siemens AG,DE_large
DE0007664039,Volkswagen AG,DE_large
DE000ENAG999,E.ON SE,DE_large
DE0005200000,Beiersdorf AG,DE_large
DE0006047004,Heidelberg Materials AG,DE_large
DE0008430026,Muenchener Rueckversicherungs-,DE_large
DE0005785604,Fresenius SE & Co KGaA,DE_large
DE0007164600,SAP SE,DE_large
DE0006599905,Merck KGaA,DE_large
DE000A1EWWW0,adidas AG,DE_large
DE0005557508,Deutsche Telekom AG,DE_large
DE0005552004,Deutsche Post AG,DE_large
DE0005785802,Fresenius Medical Care AG,DE_large
DE0007100000,Mercedes-Benz Group AG,DE_large
DE0006231004,Infineon Technologies AG,DE_large
DE0005810055,Deutsche Boerse AG,DE_large
DE000A1ML7J1,Vonovia SE,DE_large
DE000PAG9113,Dr Ing hc F Porsche AG,DE_large
DE0008402215,Hannover Rueck SE,DE_large
DE0005439004,Continental AG,DE_large
DE0005470405,LANXESS AG,DE_mid
DE0005909006,Bilfinger SE,DE_mid
DE000DWS1007,DWS Group GmbH & Co KGaA,DE_mid
DE000A13SX22,Hella GmbH & Co KGaA,DE_mid
DE000A12DM80,Scout24 SE,DE_mid
LU0061462528,RTL Group SA,DE_mid
DE000A3E5D64,FUCHS SE,DE_mid
DE000A161408,HelloFresh SE,DE_mid
DE000A1PHFF7,HUGO BOSS AG,DE_mid
DE0007493991,Stroeer SE & Co KGaA,DE_mid
DE0006969603,Puma SE,DE_mid
DE0006219934,Jungheinrich AG,DE_mid
DE0006602006,GEA Group AG,DE_mid
DE000KGX8881,KION Group AG,DE_mid
DE000A2NB601,Jenoptik AG,DE_mid
DE000TLX1005,Talanx AG,DE_mid
DE000RENK730,RENK Group AG,DE_mid
DE000WCH8881,Wacker Chemie AG,DE_mid
DE000A0Z2ZZ5,Freenet AG,DE_mid
DE000HAG0005,Hensoldt AG,DE_mid
DE0006070006,HOCHTIEF AG,DE_mid
DE000A2YN900,TeamViewer SE,DE_mid
DE000A0LD6E6,Gerresheimer AG,DE_mid
DE000A0WMPJ6,AIXTRON SE,DE_mid
DE0006452907,Nemetschek SE,DE_mid
DE000A2E4K43,Delivery Hero SE,DE_mid
DE0005313704,Carl Zeiss Meditec AG,DE_mid
NL0012044747,Redcare Pharmacy NV,DE_mid
DE0007010803,Rational AG,DE_mid
DE0005158703,Bechtle AG,DE_mid
DE0005089031,United Internet AG,DE_mid
DE000A0HN5C6,Deutsche Wohnen SE,DE_mid
DE0006335003,Krones AG,DE_mid
DE0005664809,Evotec SE,DE_mid
DE000TRAT0N7,Traton SE,DE_mid
DE0005470306,CTS Eventim AG & Co KGaA,DE_mid
DE000KBX1006,Knorr-Bremse AG,DE_mid
DE0005773303,Fraport AG Frankfurt Airport S,DE_mid
DE000EVNK013,Evonik Industries AG,DE_mid
DE000A0D6554,Nordex SE,DE_mid
DE0008232125,Deutsche Lufthansa AG,DE_mid
DE000A2LQ884,Auto1 Group SE,DE_mid
DE000KSAG888,K+S AG,DE_mid
DE0006766504,Aurubis AG,DE_mid
DE000FTG1111,flatexDEGIRO AG,DE_mid
DE0007500001,thyssenkrupp AG,DE_mid
DE000LEG1110,LEG Immobilien SE,DE_mid
LU1673108939,Aroundtown SA,DE_mid
DE0008303504,TAG Immobilien AG,DE_mid
DE000TUAG505,TUI AG,DE_mid
DE0006292030,KSB SE & Co KGaA,DE_small
DE0006569908,MLP SE,DE_small
DE0006200108,Indus Holding AG,DE_small
DE000SPG1003,Springer Nature AG & Co KGaA,DE_small
DE0005493365,Hypoport SE,DE_small
AT0000A0E9W5,Kontron AG,DE_small
DE0007480204,Deutsche EuroShop AG,DE_small
DE000A3H2333,Hamborner REIT AG,DE_small
DE000WACK012,Wacker Neuson SE,DE_small
DE000BEAU7Y1,Douglas AG,DE_small
DE0006083405,Hornbach Holding AG & Co KGaA,DE_small
DE000A1K0235,SUSS MicroTec SE,DE_small
DE000PAT1AG3,PATRIZIA SE,DE_small
LU0775917882,Grand City Properties SA,DE_small
DE000A2NB650,Mutares SE & Co KGaA,DE_small
DE0005093108,Amadeus Fire AG,DE_small
DE000A1H8BV3,Norma Group SE,DE_small
DE0007461006,PVA TePla AG,DE_small
DE000PSM7770,ProSiebenSat.1 Media SE,DE_small
DE000A3H2200,Nagarro SE,DE_small
DE000A0JL9W6,Verbio SE,DE_small
DE000KC01000,Kloeckner & Co SE,DE_small
DE000A0Z23Q5,Adesso SE,DE_small
DE000STAB1L8,Stabilus SE,DE_small
DE0005545503,1&1 AG,DE_small
DE000SAFH001,SAF-Holland SE,DE_small
DE000STRA555,STRATEC SE,DE_small
DE000A0JBPG2,PNE AG,DE_small
DE000A3ENQ51,Schott Pharma AG & Co KGaA,DE_small
DE0005772206,Fielmann Group AG,DE_small
DE000A1MMCC8,Medios AG,DE_small
DE0008051004,Wuestenrot & Wuerttembergische,DE_small
DE0007568578,SFC Energy AG,DE_small
DE0006305006,Deutz AG,DE_small
DE0005103006,Adtran Networks SE,DE_small
DE0005659700,Eckert & Ziegler SE,DE_small
DE000A0DJ6J9,SMA Solar Technology AG,DE_small
DE0005313506,Energiekontor AG,DE_small
DE0005550636,Draegerwerk AG & Co KGaA,DE_small
DE0005565204,Duerr AG,DE_small
DE0005677108,Elmos Semiconductor SE,DE_small
DE000JST4000,JOST Werke SE,DE_small
DE000WAF3001,Siltronic AG,DE_small
DE0007231326,Sixt SE,DE_small
DE000A288904,CompuGroup Medical SE & Co Kga,DE_small
DE0005800601,GFT Technologies SE,DE_small
DE000A1EWVY8,Formycon AG,DE_small
DE000A1TNUT7,Deutsche Beteiligungs AG,DE_small
LU1704650164,Befesa SA,DE_small
DE0007274136,STO SE & Co KGaA,DE_small
DE0007667107,Vossloh AG,DE_small
DE0005493092,Borussia Dortmund GmbH & Co KG,DE_small
DE0005104400,Atoss Software SE,DE_small
DE0007314007,Heidelberger Druckmaschinen AG,DE_small
DE0007235301,SGL Carbon SE,DE_small
DE0006450000,LPKF Laser & Electronics SE,DE_small
DE0007276503,Secunet Security Networks AG,DE_small
DE0005419105,CANCOM SE,DE_small
DE0007297004,Suedzucker AG,DE_small
DE000A2YNT30,AlzChem Group AG,DE_small
DE000SHA0019,Schaeffler AG,DE_small
DE000A161N30,GRENKE AG,DE_small
DE0007257503,CECONOMY AG,DE_small
DE000A3E00M1,IONOS Group SE,DE_small
DE0008019001,Deutsche Pfandbriefbank AG,DE_small
DE0006202005,Salzgitter AG,DE_small
DE0005403901,Cewe Stiftung & Co KGAA,DE_small
DE000A2GS5D8,Dermapharm Holding SE,DE_small
DE0007074007,KWS Saat SE & Co KGaA,DE_small
DE000A255F11,Friedrich Vorwerk Group SE,DE_small
FR0000120321,L'Oreal SA,EU_large
FR0000125486,Vinci SA,EU_large
ES0113211835,Banco Bilbao Vizcaya Argentari,EU_large
NL0010273215,ASML Holding NV,EU_large
ES0113900J37,Banco Santander SA,EU_large
FR0000120271,TotalEnergies SE,EU_large
FR0000120073,Air Liquide SA,EU_large
FR0000120628,AXA SA,EU_large
FR0000131104,BNP Paribas SA,EU_large
FR0000120644,Danone SA,EU_large
FR0000125007,Cie de Saint-Gobain SA,EU_large
FR0000121667,EssilorLuxottica SA,EU_large
FR0000121014,LVMH Moet Hennessy Louis Vuitt,EU_large
FR0000121485,Kering SA,EU_large
NL0011585146,Ferrari NV,EU_large
FR0000073272,Safran SA,EU_large
NL0000395903,Wolters Kluwer NV,EU_large
NL0011794037,Koninklijke Ahold Delhaize NV,EU_large
IT0005239360,UniCredit SpA,EU_large
ES0144580Y14,Iberdrola SA,EU_large
FR0000052292,Hermes International SCA,EU_large
NL00150001Q9,Stellantis NV,EU_large
NL0011821202,ING Groep NV,EU_large
NL0013654783,Prosus NV,EU_large
ES0148396007,Industria de Diseno Textil SA,EU_large
IT0000072618,Intesa Sanpaolo SpA,EU_large
IT0003132476,Eni SpA,EU_large
BE0974293251,Anheuser-Busch InBev SA/NV,EU_large
FI4000297767,Nordea Bank Abp,EU_large
NL0012969182,Adyen NV,EU_large
FR0000120578,Sanofi SA,EU_large
IT0003128367,Enel SpA,EU_large
FI0009000681,Nokia Oyj,EU_large
FR0000121972,Schneider Electric SE,EU_large
DE0008404005,Allianz SE,EU_large
NL0000235190,Airbus SE,EU_large
DE000BAY0017,Bayer AG,EU_large
DE0005190003,Bayerische Motoren Werke AG,EU_large
DE000BASF111,BASF SE,EU_large
DE0007236101,Siemens AG,EU_large
DE0007664039,Volkswagen AG,EU_large
DE0008430026,Muenchener Rueckversicherungs-,EU_large
DE0007164600,SAP SE,EU_large
FR0000120693,Pernod Ricard SA,EU_large
DE000A1EWWW0,adidas AG,EU_large
DE0005557508,Deutsche Telekom AG,EU_large
DE0005552004,Deutsche Post AG,EU_large
DE0007100000,Mercedes-Benz Group AG,EU_large
DE0006231004,Infineon Technologies AG,EU_large
DE0005810055,Deutsche Boerse AG,EU_large
NL0006294274,Euronext NV,EU_total
CH0018294154,PSP Swiss Property AG,EU_total
SE0020050417,Boliden AB,EU_total
DK0015998017,Bavarian Nordic A/S,EU_total
FR0013326246,Unibail-Rodamco-Westfield,EU_total
AT0000831706,Wienerberger AG,EU_total
LU2290522684,InPost SA,EU_total
NL0000009082,Koninklijke KPN NV,EU_total
DE0006452907,Nemetschek SE,EU_total
DK0010181759,Carlsberg AS,EU_total
SE0000202624,Getinge AB,EU_total
GB0007188757,Rio Tinto PLC,EU_total
NO0003054108,Mowi ASA,EU_total
IT0004764699,Brunello Cucinelli SpA,EU_total
BMG0112X1056,Aegon Ltd,EU_total
GB00B1XZS820,Anglo American PLC,EU_total
FR0004125920,Amundi SA,EU_total
PLPKN0000018,ORLEN SA,EU_total
ES0113211835,Banco Bilbao Vizcaya Argentari,EU_total
CH0008038389,Swiss Prime Site AG,EU_total
DE0005313704,Carl Zeiss Meditec AG,EU_total
ES0113900J37,Banco Santander SA,EU_total
FR0012757854,SPIE SA,EU_total
BE0003764785,Ackermans & van Haaren NV,EU_total
ES0130670112,Endesa SA,EU_total
NO0010631567,SpareBank 1 Sor-Norge ASA,EU_total
NL0000009538,Koninklijke Philips NV,EU_total
NO0010582521,Gjensidige Forsikring ASA,EU_total
GB0006928617,UNITE Group PLC/The,EU_total
SE0007074281,Hexpol AB,EU_total
PLPZU0000011,Powszechny Zaklad Ubezpieczen,EU_total
ES0173516115,Repsol SA,EU_total
FR0000071946,Alten SA,EU_total
ES0178430E18,Telefonica SA,EU_total
GB0031638363,Intertek Group PLC,EU_total
FR0000120271,TotalEnergies SE,EU_total
CH0008837566,Allreal Holding AG,EU_total
JE00BJ1DLW90,Man Group PLC/Jersey,EU_total
FR0000120073,Air Liquide SA,EU_total
DE0005158703,Bechtle AG,EU_total
FR0000120628,AXA SA,EU_total
FR0000131104,BNP Paribas SA,EU_total
FR0000120644,Danone SA,EU_total
FR0000125338,Capgemini SE,EU_total
SE0017161243,Fortnox AB,EU_total
FR0000120172,Carrefour SA,EU_total
FR0000125007,Cie de Saint-Gobain SA,EU_total
CH0012100191,Tecan Group AG,EU_total
FR0000121667,EssilorLuxottica SA,EU_total
GB00B0SWJX34,London Stock Exchange Group PL,EU_total
BE0974349814,Warehouses De Pauw CVA,EU_total
FR0000130452,Eiffage SA,EU_total
GB00B19NLV48,Experian PLC,EU_total
BE0974400328,Azelis Group NV,EU_total
LU1072616219,B&M European Value Retail SA,EU_total
FR0010040865,Gecina SA,EU_total
IT0005090300,Infrastrutture Wireless Italia,EU_total
PLLPP0000011,LPP SA,EU_total
FR0000121964,Klepierre SA,EU_total
FR0000121204,Wendel SE,EU_total
FR0000044448,Nexans SA,EU_total
FR0010411983,SCOR SE,EU_total
PLOPTTC00011,CD Projekt SA,EU_total
FR0000121121,Eurazeo SE,EU_total
FR0000073272,Safran SA,EU_total
FR0000121329,Thales SA,EU_total
GB00BP6MXD84,Shell PLC,EU_total
FR0013506730,Vallourec SACA,EU_total
IE0004906560,Kerry Group PLC,EU_total
DE0005470306,CTS Eventim AG & Co KGaA,EU_total
NL0011794037,Koninklijke Ahold Delhaize NV,EU_total
GB00B17BBQ50,Investec PLC,EU_total
IT0005239360,UniCredit SpA,EU_total
IT0001031084,Banca Generali SpA,EU_total
IT0000062957,Mediobanca Banca di Credito Fi,EU_total
DE000SYM9999,Symrise AG,EU_total
FI4000552526,Mandatum Oyj,EU_total
GB00BVYVFW23,Auto Trader Group PLC,EU_total
IT0000062072,Generali,EU_total
CH0010675863,Swissquote Group Holding SA,EU_total
BE0003717312,Sofina SA,EU_total
IT0001078911,Interpump Group SpA,EU_total
DE000A0D9PT0,MTU Aero Engines AG,EU_total
BE0003565737,KBC Group NV,EU_total
NO0010208051,Yara International ASA,EU_total
ES0144580Y14,Iberdrola SA,EU_total
NL0011821202,ING Groep NV,EU_total
DE0006602006,GEA Group AG,EU_total
GB00B10RZP78,Unilever PLC,EU_total
SE0006422390,Thule Group AB,EU_total
CH1169360919,Accelleron Industries AG,EU_total
NL0000008977,Heineken Holding NV,EU_total
NL0000360618,SBM Offshore NV,EU_total
NL0000379121,Randstad NV,EU_total
CH1431598916,Inficon Holding AG,EU_total
IT0005282865,Reply SpA,EU_total
AT0000746409,Verbund AG,EU_total
BE0974264930,Ageas SA/NV,EU_total
DK0060094928,Orsted AS,EU_total
SE0000872095,Swedish Orphan Biovitrum AB,EU_total
ES0125220311,Acciona SA,EU_total
BE0003797140,Groupe Bruxelles Lambert NV,EU_total
DE000PAG9113,Dr Ing hc F Porsche AG,EU_total
GB00B1N7Z094,Safestore Holdings PLC,EU_total
SE0015658109,Epiroc AB,EU_total
FI0009000202,Kesko Oyj,EU_total
DK0060257814,Zealand Pharma A/S,EU_total
ES0167050915,ACS Actividades de Construccio,EU_total
BE0003851681,Aedifica SA,EU_total
IT0005495657,Saipem SpA,EU_total
AT0000652011,Erste Group Bank AG,EU_total
DK0010307958,Jyske Bank A/S,EU_total
GB00BYT18307,TBC Bank Group PLC,EU_total
FI4000552500,Sampo Oyj,EU_total
SE0001515552,Indutrade AB,EU_total
GB00B62G9D36,Shaftesbury Capital PLC,EU_total
ES0124244E34,Mapfre SA,EU_total
GB00B3MBS747,Ocado Group PLC,EU_total
ES0116870314,Naturgy Energy Group SA,EU_total
IT0000072618,Intesa Sanpaolo SpA,EU_total
GB00BYQ0JC66,Beazley PLC,EU_total
FR0000039299,Bollore SE,EU_total
DK0010311471,Sydbank AS,EU_total
CH1216478797,DSM-Firmenich AG,EU_total
IT0003132476,Eni SpA,EU_total
NL0011540547,ABN AMRO Bank NV,EU_total
DK0060636678,Tryg A/S,EU_total
FR0010340141,Aeroports de Paris SA,EU_total
FR0010208488,Engie SA,EU_total
FR0000064578,Covivio SA/France,EU_total
FR0000133308,Orange SA,EU_total
ES0105025003,Merlin Properties Socimi SA,EU_total
CH0435377954,SIG Group AG,EU_total
IT0005211237,Italgas SpA,EU_total
AT0000937503,voestalpine AG,EU_total
IT0003261697,Azimut Holding SpA,EU_total
BE0974293251,Anheuser-Busch InBev SA/NV,EU_total
NL0015002CX3,QIAGEN NV,EU_total
NL0000226223,STMicroelectronics NV,EU_total
IT0005508921,Banca Monte dei Paschi di Sien,EU_total
IT0000072170,FinecoBank Banca Fineco SpA,EU_total
PTEDP0AM0009,EDP SA,EU_total
ES0173093024,Redeia Corp SA,EU_total
LU1598757687,ArcelorMittal SA,EU_total
BE0003823409,Financiere de Tubize SA,EU_total
NL0009432491,Koninklijke Vopak NV,EU_total
IT0001233417,A2A SpA,EU_total
FI0009007132,Fortum Oyj,EU_total
IT0003796171,Poste Italiane SpA,EU_total
NL0015435975,Davide Campari-Milano NV,EU_total
IT0000066123,BPER Banca SPA,EU_total
FR0000124141,Veolia Environnement SA,EU_total
FR0000120578,Sanofi SA,EU_total
CH0360826991,Comet Holding AG,EU_total
PTGAL0AM0009,Galp Energia SGPS SA,EU_total
IT0003128367,Enel SpA,EU_total
NO0003043309,Kongsberg Gruppen ASA,EU_total
DE000A1DAHH0,Brenntag SE,EU_total
ES0130960018,Enagas SA,EU_total
IT0003242622,Terna - Rete Elettrica Naziona,EU_total
NL0012015705,Just Eat Takeaway.com NV,EU_total
FR0010259150,Ipsen SA,EU_total
NL0010801007,IMCD NV,EU_total
IT0003153415,Snam SpA,EU_total
LU2598331598,Tenaris SA,EU_total
NL0015000LU4,Iveco Group NV,EU_total
FR0013280286,BioMerieux,EU_total
FR0010451203,Rexel SA,EU_total
ES0140609019,CaixaBank SA,EU_total
BE0003822393,Elia Group SA/NV,EU_total
ES0127797019,EDP Renovaveis SA,EU_total
IE00BD1RP616,Bank of Ireland Group PLC,EU_total
IT0004810054,Unipol Assicurazioni SpA,EU_total
NO0010345853,Aker BP ASA,EU_total
ES0105777017,Puig Brands SA,EU_total
PLDINPL00011,Dino Polska SA,EU_total
IE00BF0L3536,AIB Group PLC,EU_total
NL0012969182,Adyen NV,EU_total
GB00BNTJ3546,Allfunds Group Plc,EU_total
DE000A0Z2ZZ5,Freenet AG,EU_total
NL0012059018,EXOR NV,EU_total
IT0001250932,Hera SpA,EU_total
DE000A0LD6E6,Gerresheimer AG,EU_total
CH1101098163,Belimo Holding AG,EU_total
SE0009922164,Essity AB,EU_total
DE000A2E4K43,Delivery Hero SE,EU_total
GB00BGXQNP29,Phoenix Group Holdings PLC,EU_total
SE0014781795,AddTech AB,EU_total
FO0000000179,Bakkafrost P/F,EU_total
CH0528751586,VZ Holding AG,EU_total
FI4000074984,Valmet Oyj,EU_total
IE0002424939,DCC PLC,EU_total
GB0007669376,St James's Place PLC,EU_total
GB00B7KR2P84,easyJet PLC,EU_total
CH0130293662,BKW AG,EU_total
SE0000375115,Mycronic AB,EU_total
SE0015988019,Nibe Industrier AB,EU_total
SE0006993770,Axfood AB,EU_total
DE000KGX8881,KION Group AG,EU_total
DE000EVNK013,Evonik Industries AG,EU_total
FR0014000MR3,Eurofins Scientific SE,EU_total
ES0183746314,Vidrala SA,EU_total
LU2237380790,Allegro.eu SA,EU_total
DE000A12DM80,Scout24 SE,EU_total
IT0005366767,Nexi SpA,EU_total
GB0003718474,Games Workshop Group PLC,EU_total
DK0061802139,ALK-Abello A/S,EU_total
SE0011337708,AAK AB,EU_total
GB0002318888,Cranswick PLC,EU_total
JE00BRX98089,CVC Capital Partners PLC,EU_total
DE000SHL1006,Siemens Healthineers AG,EU_total
DK0060854669,Ringkjoebing Landbobank A/S,EU_total
PLBZ00000044,Santander Bank Polska SA,EU_total
BE0003604155,Lotus Bakeries NV,EU_total
SE0022419784,Sectra AB,EU_total
IM00B5VQMV65,Entain PLC,EU_total
SE0012853455,EQT AB,EU_total
ES0184262212,Viscofan SA,EU_total
DE000A2LQ884,Auto1 Group SE,EU_total
GB0004544929,Imperial Brands PLC,EU_total
GB00BG49KP99,Tritax Big Box REIT PLC,EU_total
CH0009002962,Barry Callebaut AG,EU_total
NL00150001Q9,Stellantis NV,EU_total
GB0002875804,British American Tobacco PLC,EU_total
CH0311864901,VAT Group AG,EU_total
FR0013447729,Verallia SA,EU_total
SE0012673267,Evolution AB,EU_total
FR0011726835,Gaztransport Et Technigaz SA,EU_total
IT0003828271,Recordati Industria Chimica e,EU_total
FR0014004L86,Dassault Aviation SA,EU_total
IT0003492391,DiaSorin SpA,EU_total
NO0010161896,DNB Bank ASA,EU_total
DE0008404005,Allianz SE,EU_total
DE0007037129,RWE AG,EU_total
DE000BAY0017,Bayer AG,EU_total
DE0005190003,Bayerische Motoren Werke AG,EU_total
DK0060946788,Ambu A/S,EU_total
DE000CBK1001,Commerzbank AG,EU_total
DE0005140008,Deutsche Bank AG,EU_total
DE000BASF111,BASF SE,EU_total
DE0006048432,Henkel AG & Co KGaA,EU_total
DE0008232125,Deutsche Lufthansa AG,EU_total
DE0007236101,Siemens AG,EU_total
DE0007664039,Volkswagen AG,EU_total
DE000ENAG999,E.ON SE,EU_total
DE0005200000,Beiersdorf AG,EU_total
DE0006047004,Heidelberg Materials AG,EU_total
DE000KSAG888,K+S AG,EU_total
DE0008430026,Muenchener Rueckversicherungs-,EU_total
DE0005785604,Fresenius SE & Co KGaA,EU_total
DE0007164600,SAP SE,EU_total
DE0006599905,Merck KGaA,EU_total
DE000DTR0CK8,Daimler Truck Holding AG,EU_total
DE000A1EWWW0,adidas AG,EU_total
DE0005557508,Deutsche Telekom AG,EU_total
DE0005552004,Deutsche Post AG,EU_total
SE0005127818,Sagax AB,EU_total
DE0005785802,Fresenius Medical Care AG,EU_total
DE000ZAL1111,Zalando SE,EU_total
DE0007100000,Mercedes-Benz Group AG,EU_total
DE0007500001,thyssenkrupp AG,EU_total
NL0015001FS8,Ferrovial SE,EU_total
DE0006231004,Infineon Technologies AG,EU_total
DE0005810055,Deutsche Boerse AG,EU_total
DE0008402215,Hannover Rueck SE,EU_total
DE0005439004,Continental AG,EU_total
DE000TUAG505,TUI AG,EU_total
DE0005470405,LANXESS AG,EU_total
GB0000811801,Barratt Redrow PLC,EU_total
GB00BP0RGD03,Berkeley Group Holdings PLC,EU_total
AT0000BAWAG2,BAWAG Group AG,EU_total
IT0000784196,Banca Popolare di Sondrio SPA,EU_total
GB00BND88V85,Bridgepoint Group PLC,EU_total
GB00B61TVQ02,Inchcape PLC,EU_total
GB0033195214,Kingfisher PLC,EU_total
NO0010310956,Salmar ASA,EU_total
GB0031274896,Marks & Spencer Group PLC,EU_total
GB0032089863,Next PLC,EU_total
GB0006776081,Pearson PLC,EU_total
GB0006825383,Persimmon PLC,EU_total
GB00B2B0DG97,RELX PLC,EU_total
GB0008782301,Taylor Wimpey PLC,EU_total
CH0432492467,Alcon AG,EU_total
GB00B1KJJ408,Whitbread PLC,EU_total
JE00B8KF9B49,WPP PLC,EU_total
FR0000120404,Accor SA,EU_total
FR0000130403,Christian Dior SE,EU_total
GB0009223206,Smith & Nephew PLC,EU_total
FR0000121014,LVMH Moet Hennessy Louis Vuitt,EU_total
FR001400AJ45,Cie Generale des Etablissement,EU_total
DK0060448595,Coloplast A/S,EU_total
NL0011585146,Ferrari NV,EU_total
FR0000121485,Kering SA,EU_total
FR0000130577,Publicis Groupe SA,EU_total
FR0000131906,Renault SA,EU_total
FR0000121709,SEB SA,EU_total
DK0010272632,GN Store Nord AS,EU_total
NL0006237562,Arcadis NV,EU_total
FR0000121220,Sodexo SA,EU_total
FR0013176526,Valeo SE,EU_total
SE0016589188,Electrolux AB,EU_total
SE0014960373,Sweco AB,EU_total
GB00BD3VFW73,ConvaTec Group PLC,EU_total
NL0000395903,Wolters Kluwer NV,EU_total
DE000PAH0038,Porsche Automobil Holding SE,EU_total
SE0000163628,Elekta AB,EU_total
SE0000106270,H & M Hennes & Mauritz AB,EU_total
DE0007030009,Rheinmetall AG,EU_total
DK0060738599,Demant A/S,EU_total
FR0000051807,Teleperformance SE,EU_total
GB00BDR05C01,National Grid PLC,EU_total
CY0200352116,Frontline PLC,EU_total
DE0006969603,Puma SE,EU_total
SE0000667925,Telia Co AB,EU_total
FR0000052292,Hermes International SCA,EU_total
NO0010063308,Telenor ASA,EU_total
FI0009007884,Elisa Oyj,EU_total
ES0148396007,Industria de Diseno Textil SA,EU_total
SE0001662230,Husqvarna AB,EU_total
GB00BMJ6DW54,Informa PLC,EU_total
GB00BN7SWP63,GSK PLC,EU_total
GB00BHJYC057,InterContinental Hotels Group,EU_total
GB0031215220,Carnival PLC,EU_total
GB00B02J6398,Admiral Group PLC,EU_total
GB0031743007,Burberry Group PLC,EU_total
FI0009014377,Orion Oyj,EU_total
GB00BD6K4575,Compass Group PLC,EU_total
CH1243598427,Sandoz Group AG,EU_total
GB0033986497,ITV PLC,EU_total
GB00B0LCW083,Hikma Pharmaceuticals PLC,EU_total
GB0009895292,AstraZeneca PLC,EU_total
GB0000536739,Ashtead Group PLC,EU_total
GB0006731235,Associated British Foods PLC,EU_total
IE0000669501,Glanbia PLC,EU_total
GB00BGDT3G23,Rightmove PLC,EU_total
GB0000961622,Balfour Beatty PLC,EU_total
DK0060252690,Pandora A/S,EU_total
GB00B0744B38,Bunzl PLC,EU_total
CH1429326825,Siegfried Holding AG,EU_total
GB00BJFFLV09,Croda International PLC,EU_total
CH0360674466,Galenica AG,EU_total
GB0000904986,Bellway PLC,EU_total
GB0003096442,RS GROUP PLC,EU_total
GB00BL9YR756,Wise PLC,EU_total
GB0002374006,Diageo PLC,EU_total
GB0004052071,Halma PLC,EU_total
DE000TLX1005,Talanx AG,EU_total
SE0000107203,Industrivarden AB,EU_total
GB0005405286,HSBC Holdings PLC,EU_total
GB00BYZDVK82,Softcat PLC,EU_total
GB00BGLP8L22,IMI PLC,EU_total
BMG4593F1389,Hiscox Ltd,EU_total
NL0011821392,Signify NV,EU_total
GB0005576813,Howden Joinery Group PLC,EU_total
GB00BH4HKS39,Vodafone Group PLC,EU_total
GB00B39J2M42,United Utilities Group PLC,EU_total
PTBCP0AM0015,Banco Comercial Portugues SA,EU_total
GB0031348658,Barclays PLC,EU_total
GB00B082RF11,Rentokil Initial PLC,EU_total
GB00BM8PJY71,NatWest Group PLC,EU_total
DK0010272202,Genmab A/S,EU_total
GB00B5ZN1N88,Segro PLC,EU_total
GB00BP92CJ43,Tate & Lyle PLC,EU_total
GB00B019KW72,J Sainsbury PLC,EU_total
GB00BM8Q5M07,JD Sports Fashion PLC,EU_total
FR0000130809,Societe Generale SA,EU_total
GB00BP9LHF23,Schroders PLC,EU_total
DE000ENER6Y0,Siemens Energy AG,EU_total
GB0007973794,Serco Group PLC,EU_total
ES0113679I37,Bankinter SA,EU_total
IL0011284465,Plus500 Ltd,EU_total
NL0014559478,Technip Energies NV,EU_total
IT0003856405,Leonardo SpA,EU_total
GB00B1WY2338,Smiths Group PLC,EU_total
GB00BNNTLN49,Pennon Group PLC,EU_total
IE00B00MZ448,Grafton Group PLC,EU_total
GB0004082847,Standard Chartered PLC,EU_total
GB00BLGZ9862,Tesco PLC,EU_total
GB00B8C3BL03,Sage Group PLC/The,EU_total
FI0009005961,Stora Enso Oyj,EU_total
GB00BF8Q6K64,Aberdeen Group PLC,EU_total
GB0008706128,Lloyds Banking Group PLC,EU_total
ES0113860A34,Banco de Sabadell SA,EU_total
DK0061539921,Vestas Wind Systems A/S,EU_total
IT0001347308,Buzzi SpA,EU_total
GB0002869419,Big Yellow Group PLC,EU_total
GB00BY9D0Y18,Direct Line Insurance Group PL,EU_total
CH1386220409,Sunrise Communications AG,EU_total
FR0000045072,Credit Agricole SA,EU_total
GB00B0WMWD03,QinetiQ Group PLC,EU_total
GB00BNGDN821,Melrose Industries PLC,EU_total
NO0011202772,Var Energi ASA,EU_total
GB0001826634,Diploma PLC,EU_total
IT0005218380,Banco BPM SpA,EU_total
AT0000606306,Raiffeisen Bank International,EU_total
GB00B63QSB39,Greggs PLC,EU_total
SE0010100958,Investment AB Latour,EU_total
ES0177542018,International Consolidated Air,EU_total
ES0171996087,Grifols SA,EU_total
GB0007980591,BP PLC,EU_total
GB0030913577,BT Group PLC,EU_total
NL0010773842,NN Group NV,EU_total
DE000A1ML7J1,Vonovia SE,EU_total
DE000KBX1006,Knorr-Bremse AG,EU_total
FR0013451333,FDJ UNITED,EU_total
GB00BPQY8M80,Aviva PLC,EU_total
GB0005603997,Legal & General Group PLC,EU_total
GB0007099541,Prudential PLC,EU_total
GB0000456144,Antofagasta PLC,EU_total
GB0003308607,Spectris PLC,EU_total
GB0007908733,SSE PLC,EU_total
GB0009465807,Weir Group PLC/The,EU_total
IT0004965148,Moncler SpA,EU_total
FR0000120321,L'Oreal SA,EU_total
IM00B7S9G985,Playtech Plc,EU_total
FR0000125486,Vinci SA,EU_total
SE0017486889,Atlas Copco AB,EU_total
CH0016440353,EMS-Chemie Holding AG,EU_total
SE0000115446,Volvo AB,EU_total
GB00BV9FP302,Computacenter PLC,EU_total
CH0002432174,Bucher Industries AG,EU_total
GB00B4WFW713,LondonMetric Property PLC,EU_total
GB00BDVZYZ77,International Distribution Ser,EU_total
DE000HAG0005,Hensoldt AG,EU_total
NL0010273215,ASML Holding NV,EU_total
SE0017832488,Fastighets AB Balder,EU_total
SE0018012635,Wihlborgs Fastigheter AB,EU_total
SE0005190238,Tele2 AB,EU_total
FR0014003TT8,Dassault Systemes SE,EU_total
FR0000050809,Sopra Steria Group,EU_total
SE0021921269,Saab AB,EU_total
FI4000571013,Hiab Oyj,EU_total
AT0000730007,ANDRITZ AG,EU_total
SE0000108847,L E Lundbergforetagen AB,EU_total
DE0007165631,Sartorius AG,EU_total
CH0198251305,Coca-Cola HBC AG,EU_total
FI0009014575,Metso Oyj,EU_total
FR0010908533,Edenred SE,EU_total
IT0004176001,Prysmian SpA,EU_total
DK0010287663,NKT A/S,EU_total
ES0109067019,Amadeus IT Group SA,EU_total
GB00BMX86B70,Haleon PLC,EU_total
GB00BWFGQN14,Spirax Group PLC,EU_total
DE000A3E5D64,FUCHS SE,EU_total
NO0010096985,Equinor ASA,EU_total
IE00BYTBXV33,Ryanair Holdings PLC,EU_total
FR0012435121,Elis SA,EU_total
ES0105046009,Aena SME SA,EU_total
FI0009003727,Wartsila OYJ Abp,EU_total
AT0000743059,OMV AG,EU_total
SE0014990966,Lagercrantz Group AB,EU_total
CH0038388911,Sulzer AG,EU_total
SE0000113250,Skanska AB,EU_total
CH0126673539,DKSH Holding AG,EU_total
SE0012454072,Avanza Bank Holding AB,EU_total
DK0060079531,DSV A/S,EU_total
PTJMT0AE0001,Jeronimo Martins SGPS SA,EU_total
NL0015000IY2,Universal Music Group NV,EU_total
SE0000120669,SSAB AB,EU_total
FI0009005870,Konecranes Oyj,EU_total
ES0105066007,Cellnex Telecom SA,EU_total
NL0013654783,Prosus NV,EU_total
CH1175448666,Straumann Holding AG,EU_total
DK0060336014,Novonesis Novozymes B,EU_total
CH0012453913,Temenos AG,EU_total
GB00B06QFB75,IG Group Holdings PLC,EU_total
FI0009013403,Kone Oyj,EU_total
GB0001367019,British Land Co PLC/The,EU_total
GB0002652740,Derwent London PLC,EU_total
DK0062498333,Novo Nordisk A/S,EU_total
NO0012470089,TOMRA Systems ASA,EU_total
GB00BZ4BQC70,Johnson Matthey PLC,EU_total
GB00B24CGK77,Reckitt Benckiser Group PLC,EU_total
GB00BYW0PQ60,Land Securities Group PLC,EU_total
GB00B63H8491,Rolls-Royce Holdings PLC,EU_total
DK0010234467,FLSmidth & Co A/S,EU_total
DE0008303504,TAG Immobilien AG,EU_total
SE0000695876,Alfa Laval AB,EU_total
FR0006174348,Bureau Veritas SA,EU_total
NL0000334118,ASM International NV,EU_total
FR0013154002,Sartorius Stedim Biotech,EU_total
GB00BVFNZH21,Rotork PLC,EU_total
FR0013269123,Rubis SCA,EU_total
DE0006070006,HOCHTIEF AG,EU_total
SE0015192067,Nordnet AB publ,EU_total
CH0225173167,Cembra Money Bank AG,EU_total
CH1169151003,Georg Fischer AG,EU_total
GB00B033F229,Centrica PLC,EU_total
NL0010832176,Argenx SE,EU_total
SE0000108656,Telefonaktiebolaget LM Ericsso,EU_total
SE0000379190,Castellum AB,EU_total
NL0014332678,JDE Peet's NV,EU_total
SE0000108227,SKF AB,EU_total
BE0974464977,Syensqo SA,EU_total
SE0000667891,Sandvik AB,EU_total
NL0012866412,BE Semiconductor Industries NV,EU_total
NO0003053605,Storebrand ASA,EU_total
SE0014504817,Loomis AB,EU_total
SE0000114837,Trelleborg AB,EU_total
SE0000163594,Securitas AB,EU_total
GB00B1VNSX38,Drax Group PLC,EU_total
FI4000297767,Nordea Bank Abp,EU_total
SE0015811963,Investor AB,EU_total
NL0011872643,ASR Nederland NV,EU_total
NL0000852564,Aalberts NV,EU_total
DE0007010803,Rational AG,EU_total
BE0974259880,D'ieteren Group,EU_total
PLPKO0000016,Powszechna Kasa Oszczednosci B,EU_total
FR0000120503,Bouygues SA,EU_total
SE0023615885,Embracer Group AB,EU_total
NL0013267909,Akzo Nobel NV,EU_total
GB00BKFB1C65,M&G PLC,EU_total
FR0010220475,Alstom SA,EU_total
SE0000148884,Skandinaviska Enskilda Banken,EU_total
DK0060542181,ISS A/S,EU_total
SE0007100599,Svenska Handelsbanken AB,EU_total
NO0005052605,Norsk Hydro ASA,EU_total
GB0002634946,BAE Systems PLC,EU_total
SE0015671995,Hemnet Group AB,EU_total
DK0010274414,Danske Bank A/S,EU_total
NL0000009165,Heineken NV,EU_total
SE0000112724,Svenska Cellulosa AB SCA,EU_total
CH0025751329,Logitech International SA,EU_total
FI0009000681,Nokia Oyj,EU_total
NL00150003E1,Fugro NV,EU_total
SE0015949201,Lifco AB,EU_total
SE0007100581,Assa Abloy AB,EU_total
CH0418792922,Sika AG,EU_total
CH0531751755,Banque Cantonale Vaudoise,EU_total
CH0023405456,Avolta AG,EU_total
GB00BMWC6P49,Mondi PLC,EU_total
CH0012221716,ABB Ltd,EU_total
FR0000121972,Schneider Electric SE,EU_total
CH0012138605,Adecco Group AG,EU_total
NO0003733800,Orkla ASA,EU_total
FI0009000459,Huhtamaki Oyj,EU_total
CH0102484968,Julius Baer Group Ltd,EU_total
CH0012410517,Baloise Holding AG,EU_total
LU0075646355,Subsea 7 SA,EU_total
FI0009013296,Neste Oyj,EU_total
CH0210483332,Cie Financiere Richemont SA,EU_total
DK0063855168,ROCKWOOL A/S,EU_total
PLKGHM000017,KGHM Polska Miedz SA,EU_total
CH0012142631,Clariant AG,EU_total
SE0015961909,Hexagon AB,EU_total
IE0004927939,Kingspan Group PLC,EU_total
CH0030170408,Geberit AG,EU_total
NL0000235190,Airbus SE,EU_total
CH0024608827,Partners Group Holding AG,EU_total
CH0010645932,Givaudan SA,EU_total
FR0010533075,Getlink SE,EU_total
CH0025238863,Kuehne + Nagel International A,EU_total
SE0015949748,Beijer Ref AB,EU_total
SE0000242455,Swedbank AB,EU_total
CH0012214059,Holcim AG,EU_total
FI0009000277,TietoEVRY Oyj,EU_total
CH0013841017,Lonza Group AG,EU_total
SE0017780133,Wallenstam AB,EU_total
FI0009005987,UPM-Kymmene Oyj,EU_total
CH0038863350,Nestle SA,EU_total
FI0009004824,Kemira Oyj,EU_total
GB0001859296,Vistry Group PLC,EU_total
CH0012005267,Novartis AG,EU_total
CH1335392721,Galderma Group AG,EU_total
FR0010307819,Legrand SA,EU_total
CH0012032048,Roche Holding AG,EU_total
CH0008742519,Swisscom AG,EU_total
SE0022060521,Kinnevik AB,EU_total
CH1256740924,SGS SA,EU_total
DE000LEG1110,LEG Immobilien SE,EU_total
CH0014852781,Swiss Life Holding AG,EU_total
DK0010244508,AP Moller - Maersk A/S,EU_total
BE0003739530,UCB SA,EU_total
CH0012549785,Sonova Holding AG,EU_total
CH0126881561,Swiss Re AG,EU_total
GB00BYT1DJ19,Intermediate Capital Group PLC,EU_total
CH0244767585,UBS Group AG,EU_total
CH0012255151,Swatch Group AG/The,EU_total
CH0011075394,Zurich Insurance Group AG,EU_total
FR0010313833,Arkema SA,EU_total
CH0024638196,Schindler Holding AG,EU_total
GB00B1YW4409,3i Group PLC,EU_total
GB00B1FH8J72,Severn Trent PLC,EU_total
DK0060634707,Royal Unibrew A/S,EU_total
CH1176493729,Bachem Holding AG,EU_total
FR0000120693,Pernod Ricard SA,EU_total
BE0003593044,Cofinimmo SA,EU_total
IT0003497168,Telecom Italia SpA/Milano,EU_total
DE0006766504,Aurubis AG,EU_total
SE0011090018,Holmen AB,EU_total
IT0004056880,Amplifon SpA,EU_total
CH0466642201,Helvetia Holding AG,EU_total
CH0319416936,Flughafen Zurich AG,EU_total
CH0239229302,SFS Group AG,EU_total
NL0012044747,Redcare Pharmacy NV,EU_total
JE00BMDZN391,TP ICAP Group PLC,EU_total
JE00B4T3BW64,Glencore PLC,EU_total
PLPEKAO00016,Bank Polska Kasa Opieki SA,EU_total
CH0010570767,Chocoladefabriken Lindt & Spru,EU_total
IT0004776628,Banca Mediolanum SpA,EU_total
US58733R1023,MercadoLibre Inc,US_tech
US12514G1085,CDW Corp/DE,US_tech
US6092071058,Mondelez International Inc,US_tech
US03831W1080,AppLovin Corp,US_tech
US2172041061,Copart Inc,US_tech
US0231351067,Amazon.com Inc,US_tech
US23804L1035,Datadog Inc,US_tech
US02079K1079,Alphabet Inc,US_tech
US45168D1046,IDEXX Laboratories Inc,US_tech
US0090661010,Airbnb Inc,US_tech
US22160N1090,CoStar Group Inc,US_tech
US16119P1084,Charter Communications Inc,US_tech
US0494681010,Atlassian Corp,US_tech
US17275R1023,Cisco Systems Inc,US_tech
US6974351057,Palo Alto Networks Inc,US_tech
US4581401001,Intel Corp,US_tech
US5949181045,Microsoft Corp,US_tech
IE000S9YS762,Linde PLC,US_tech
US67066G1040,NVIDIA Corp,US_tech
US1924461023,Cognizant Technology Solutions,US_tech
US46120E6023,Intuitive Surgical Inc,US_tech
US69608A1088,Palantir Technologies Inc,US_tech
US0420682058,ARM Holdings PLC,US_tech
US5738741041,Marvell Technology Inc,US_tech
US09857L1089,Booking Holdings Inc,US_tech
US05722G1004,Baker Hughes Co,US_tech
US8825081040,Texas Instruments Inc,US_tech
US5007541064,Kraft Heinz Co/The,US_tech
US02079K3059,Alphabet Inc,US_tech
US64110L1061,Netflix Inc,US_tech
US25809K1051,DoorDash Inc,US_tech
US49271V1008,Keurig Dr Pepper Inc,US_tech
US0530151036,Automatic Data Processing Inc,US_tech
US98389B1008,Xcel Energy Inc,US_tech
US22788C1053,Crowdstrike Holdings Inc,US_tech
US7223041028,PDD Holdings Inc,US_tech
US0079031078,Advanced Micro Devices Inc,US_tech
US6795801009,Old Dominion Freight Line Inc,US_tech
US00724F1012,Adobe Inc,US_tech
US0311621009,Amgen Inc,US_tech
US1264081035,CSX Corp,US_tech
US0378331005,Apple Inc,US_tech
US0527691069,Autodesk Inc,US_tech
US1729081059,Cintas Corp,US_tech
US20030N1019,Comcast Corp,US_tech
US21037T1097,Constellation Energy Corp,US_tech
US60937P1066,MongoDB Inc,US_tech
US0255371017,American Electric Power Co Inc,US_tech
US4824801009,KLA Corp,US_tech
US11135F1012,Broadcom Inc,US_tech
US1273871087,Cadence Design Systems Inc,US_tech
US6937181088,PACCAR Inc,US_tech
US22160K1051,Costco Wholesale Corp,US_tech
US75886F1075,Regeneron Pharmaceuticals Inc,US_tech
US98980G1022,Zscaler Inc,US_tech
US0382221051,Applied Materials Inc,US_tech
US5500211090,Lululemon Athletica Inc,US_tech
GB00BDCPN049,Coca-Cola Europacific Partners,US_tech
US36266G1076,GE HealthCare Technologies Inc,US_tech
US8716071076,Synopsys Inc,US_tech
US2855121099,Electronic Arts Inc,US_tech
US3119001044,Fastenal Co,US_tech
US03662Q1058,ANSYS Inc,US_tech
US30303M1027,Meta Platforms Inc,US_tech
US3755581036,Gilead Sciences Inc,US_tech
US30161N1019,Exelon Corp,US_tech
US8740541094,Take-Two Interactive Software,US_tech
US5128073062,Lam Research Corp,US_tech
US09062X1037,Biogen Inc,US_tech
US05464C1018,Axon Enterprise Inc,US_tech
KYG393871085,GLOBALFOUNDRIES Inc,US_tech
US5949724083,MicroStrategy Inc,US_tech
US92532F1003,Vertex Pharmaceuticals Inc,US_tech
US6821891057,ON Semiconductor Corp,US_tech
US7043261079,Paychex Inc,US_tech
US0326541051,Analog Devices Inc,US_tech
US70450Y1038,PayPal Holdings Inc,US_tech
US7475251036,QUALCOMM Inc,US_tech
US5719032022,Marriott International Inc/MD,US_tech
US7782961038,Ross Stores Inc,US_tech
US8552441094,Starbucks Corp,US_tech
US7134481081,PepsiCo Inc,US_tech
US4612021034,Intuit Inc,US_tech
US5950171042,Microchip Technology Inc,US_tech
US61174X1090,Monster Beverage Corp,US_tech
US98138H1014,Workday Inc,US_tech
US67103H1077,O'Reilly Automotive Inc,US_tech
US88160R1014,Tesla Inc,US_tech
USN070592100,ASML Holding NV,US_tech
US7766961061,Roper Technologies Inc,US_tech
NL0009538784,NXP Semiconductors NV,US_tech
US4385161066,Honeywell International Inc,US_tech
US0463531089,AstraZeneca PLC,US_tech
US5951121038,Micron Technology Inc,US_tech
US9344231041,Warner Bros Discovery Inc,US_tech
US8725901040,T-Mobile US Inc,US_tech
US92345Y1064,Verisk Analytics Inc,US_tech
US25278X1090,Diamondback Energy Inc,US_tech
US34959E1091,Fortinet Inc,US_tech
US2521311074,Dexcom Inc,US_tech
US88339J1051,Trade Desk Inc/The,US_tech
NL0009434992,LyondellBasell Industries NV,US_large
US0258161092,American Express Co,US_large
US92343V1044,Verizon Communications Inc,US_large
US88262P1021,Texas Pacific Land Corp,US_large
US11135F1012,Broadcom Inc,US_large
US0970231058,Boeing Co/The,US_large
US83444M1018,Solventum Corp,US_large
US1491231015,Caterpillar Inc,US_large
US46625H1005,JPMorgan Chase & Co,US_large
US1667641005,Chevron Corp,US_large
US1912161007,Coca-Cola Co/The,US_large
US00287Y1091,AbbVie Inc,US_large
US2546871060,Walt Disney Co/The,US_large
US2199481068,Corpay Inc,US_large
US30225T1025,Extra Space Storage Inc,US_large
US30231G1022,Exxon Mobil Corp,US_large
US7185461040,Phillips 66,US_large
US3696043013,General Electric Co,US_large
US40434L1052,HP Inc,US_large
US4370761029,Home Depot Inc/The,US_large
US6098391054,Monolithic Power Systems Inc,US_large
US4592001014,International Business Machine,US_large
US4781601046,Johnson & Johnson,US_large
US5500211090,Lululemon Athletica Inc,US_large
US5801351017,McDonald's Corp,US_large
US58933Y1055,Merck & Co Inc,US_large
US88579Y1010,3M Co,US_large
US0304201033,American Water Works Co Inc,US_large
US0605051046,Bank of America Corp,US_large
US7170811035,Pfizer Inc,US_large
US7427181091,Procter & Gamble Co/The,US_large
US00206R1023,AT&T Inc,US_large
US89417E1091,Travelers Cos Inc/The,US_large
US75513E1010,RTX Corp,US_large
US0326541051,Analog Devices Inc,US_large
US9311421039,Walmart Inc,US_large
US17275R1023,Cisco Systems Inc,US_large
US4581401001,Intel Corp,US_large
US37045V1008,General Motors Co,US_large
US5949181045,Microsoft Corp,US_large
US2566771059,Dollar General Corp,US_large
US1255231003,Cigna Group/The,US_large
US49456B1017,Kinder Morgan Inc,US_large
US1729674242,Citigroup Inc,US_large
US0268747849,American International Group I,US_large
US02209S1033,Altria Group Inc,US_large
US40412C1018,HCA Healthcare Inc,US_large
US4601461035,International Paper Co,US_large
US42824C1099,Hewlett Packard Enterprise Co,US_large
US0028241000,Abbott Laboratories,US_large
US0010551028,Aflac Inc,US_large
US0091581068,Air Products and Chemicals Inc,US_large
US86800U3023,Super Micro Computer Inc,US_large
LR0008862868,Royal Caribbean Cruises Ltd,US_large
US42809H1077,Hess Corp,US_large
US5261071071,Lennox International Inc,US_large
US0394831020,Archer-Daniels-Midland Co,US_large
US0530151036,Automatic Data Processing Inc,US_large
US92345Y1064,Verisk Analytics Inc,US_large
US0533321024,AutoZone Inc,US_large
IE000S9YS762,Linde PLC,US_large
US0536111091,Avery Dennison Corp,US_large
US29355A1079,Enphase Energy Inc,US_large
US55354G1004,MSCI Inc,US_large
US0584981064,Ball Corp,US_large
US05464C1018,Axon Enterprise Inc,US_large
US15677J1088,Dayforce Inc,US_large
US14448C1045,Carrier Global Corp,US_large
US0640581007,Bank of New York Mellon Corp/T,US_large
US68902V1070,Otis Worldwide Corp,US_large
US0718131099,Baxter International Inc,US_large
US0758871091,Becton Dickinson & Co,US_large
US0846707026,Berkshire Hathaway Inc,US_large
US0865161014,Best Buy Co Inc,US_large
US1011371077,Boston Scientific Corp,US_large
US1101221083,Bristol-Myers Squibb Co,US_large
US1156372096,Brown-Forman Corp,US_large
US1270971039,Coterra Energy Inc,US_large
US43300A2033,Hilton Worldwide Holdings Inc,US_large
PA1436583006,Carnival Corp,US_large
US12008R1077,Builders FirstSource Inc,US_large
US9026531049,UDR Inc,US_large
US1890541097,Clorox Co/The,US_large
US70432V1026,Paycom Software Inc,US_large
US1258961002,CMS Energy Corp,US_large
US1941621039,Colgate-Palmolive Co,US_large
US29414B1044,EPAM Systems Inc,US_large
US2058871029,Conagra Brands Inc,US_large
US0090661010,Airbnb Inc,US_large
US2091151041,Consolidated Edison Inc,US_large
US2193501051,Corning Inc,US_large
US3802371076,GoDaddy Inc,US_large
US2310211063,Cummins Inc,US_large
US12769G1004,Caesars Entertainment Inc,US_large
US2358511028,Danaher Corp,US_large
US87612E1064,Target Corp,US_large
US9699041011,Williams-Sonoma Inc,US_large
US2441991054,Deere & Co,US_large
US25746U1097,Dominion Energy Inc,US_large
US2600031080,Dover Corp,US_large
US0188021085,Alliant Energy Corp,US_large
US8581191009,Steel Dynamics Inc,US_large
US26441C2044,Duke Energy Corp,US_large
US7588491032,Regency Centers Corp,US_large
IE00B8KQN827,Eaton Corp PLC,US_large
US2788651006,Ecolab Inc,US_large
US7140461093,Revvity Inc,US_large
US24703L2025,Dell Technologies Inc,US_large
US2910111044,Emerson Electric Co,US_large
US26875P1012,EOG Resources Inc,US_large
IE00BLP1HW54,Aon PLC,US_large
US29364G1031,Entergy Corp,US_large
US2944291051,Equifax Inc,US_large
US26884L1098,EQT Corp,US_large
US46266C1053,IQVIA Holdings Inc,US_large
US3666511072,Gartner Inc,US_large
US31428X1063,FedEx Corp,US_large
US1152361010,Brown & Brown Inc,US_large
US3453708600,Ford Motor Co,US_large
US65339F1012,NextEra Energy Inc,US_large
US3546131018,Franklin Resources Inc,US_large
CH0114405324,Garmin Ltd,US_large
US35671D8570,Freeport-McMoRan Inc,US_large
US1651677353,Expand Energy Corp,US_large
US2521311074,Dexcom Inc,US_large
US3695501086,General Dynamics Corp,US_large
US3703341046,General Mills Inc,US_large
US3724601055,Genuine Parts Co,US_large
US0495601058,Atmos Energy Corp,US_large
US3848021040,WW Grainger Inc,US_large
US4062161017,Halliburton Co,US_large
US5024311095,L3Harris Technologies Inc,US_large
US42250P1030,Healthpeak Properties Inc,US_large
US45784P1012,Insulet Corp,US_large
US34959J1088,Fortive Corp,US_large
US4278661081,Hershey Co/The,US_large
US87165B1035,Synchrony Financial,US_large
US4404521001,Hormel Foods Corp,US_large
US3635761097,Arthur J Gallagher & Co,US_large
US6092071058,Mondelez International Inc,US_large
US15189T1079,CenterPoint Energy Inc,US_large
US4448591028,Humana Inc,US_large
IE00BDB6Q211,Willis Towers Watson PLC,US_large
US4523081093,Illinois Tool Works Inc,US_large
US12514G1085,CDW Corp/DE,US_large
IE00BK9ZQ967,Trane Technologies PLC,US_large
US4606901001,Interpublic Group of Cos Inc/T,US_large
US4595061015,International Flavors & Fragra,US_large
US3687361044,Generac Holdings Inc,US_large
NL0009538784,NXP Semiconductors NV,US_large
US4878361082,Kellanova,US_large
US11133T1034,Broadridge Financial Solutions,US_large
US4943681035,Kimberly-Clark Corp,US_large
US49446R1095,Kimco Realty Corp,US_large
US68389X1054,Oracle Corp,US_large
US5010441013,Kroger Co/The,US_large
US5260571048,Lennar Corp,US_large
US5324571083,Eli Lilly & Co,US_large
US16119P1084,Charter Communications Inc,US_large
US5404241086,Loews Corp,US_large
US5486611073,Lowe's Cos Inc,US_large
US4435106079,Hubbell Inc,US_large
US45167R1041,IDEX Corp,US_large
US5717481023,Marsh & McLennan Cos Inc,US_large
US5745991068,Masco Corp,US_large
US78409V1044,S&P Global Inc,US_large
IE00BTN1Y115,Medtronic PLC,US_large
US92556V1061,Viatris Inc,US_large
US1266501006,CVS Health Corp,US_large
US26614N1028,DuPont de Nemours Inc,US_large
US5951121038,Micron Technology Inc,US_large
US6200763075,Motorola Solutions Inc,US_large
US12503M1080,Cboe Global Markets Inc,US_large
US6516391066,Newmont Corp,US_large
US6541061031,NIKE Inc,US_large
US65473P1057,NiSource Inc,US_large
US6558441084,Norfolk Southern Corp,US_large
US74251V1026,Principal Financial Group Inc,US_large
US30040W1080,Eversource Energy,US_large
US6668071029,Northrop Grumman Corp,US_large
US9497461015,Wells Fargo & Co,US_large
US6703461052,Nucor Corp,US_large
US6745991058,Occidental Petroleum Corp,US_large
US6819191064,Omnicom Group Inc,US_large
US6826801036,ONEOK Inc,US_large
US7547301090,Raymond James Financial Inc,US_large
US69331C1080,PG&E Corp,US_large
US7010941042,Parker-Hannifin Corp,US_large
US7757111049,Rollins Inc,US_large
US69351T1060,PPL Corp,US_large
JE00BTDN8H13,Aptiv PLC,US_large
US20825C1045,ConocoPhillips,US_large
US7458671010,PulteGroup Inc,US_large
US7234841010,Pinnacle West Capital Corp,US_large
US6934751057,PNC Financial Services Group I,US_large
US6935061076,PPG Industries Inc,US_large
US25809K1051,DoorDash Inc,US_large
US7433151039,Progressive Corp/The,US_large
US92338C1036,Veralto Corp,US_large
US7445731067,Public Service Enterprise Grou,US_large
US2166485019,Cooper Cos Inc/The,US_large
US2810201077,Edison International,US_large
AN8068571086,Schlumberger NV,US_large
US8085131055,Charles Schwab Corp/The,US_large
US8243481061,Sherwin-Williams Co/The,US_large
US9553061055,West Pharmaceutical Services I,US_large
US8326964058,J M Smucker Co/The,US_large
US8330341012,Snap-on Inc,US_large
US0311001004,AMETEK Inc,US_large
US90353T1007,Uber Technologies Inc,US_large
US8425871071,Southern Co/The,US_large
US89832Q1094,Truist Financial Corp,US_large
US8447411088,Southwest Airlines Co,US_large
US0844231029,W R Berkley Corp,US_large
US8545021011,Stanley Black & Decker Inc,US_large
US74460D1090,Public Storage,US_large
US0404132054,Arista Networks Inc,US_large
US8718291078,Sysco Corp,US_large
US22052L1044,Corteva Inc,US_large
US8825081040,Texas Instruments Inc,US_large
US8832031012,Textron Inc,US_large
US8835561023,Thermo Fisher Scientific Inc,US_large
US8725401090,TJX Cos Inc/The,US_large
US37959E1029,Globe Life Inc,US_large
IE00BY7QL619,Johnson Controls International,US_large
US90384S3031,Ulta Beauty Inc,US_large
US9078181081,Union Pacific Corp,US_large
US49338L1035,Keysight Technologies Inc,US_large
US91324P1021,UnitedHealth Group Inc,US_large
US09260D1072,Blackstone Inc,US_large
US92276F1003,Ventas Inc,US_large
US5049221055,Labcorp Holdings Inc,US_large
US9291601097,Vulcan Materials Co,US_large
US9621661043,Weyerhaeuser Co,US_large
US9694571004,Williams Cos Inc/The,US_large
US21037T1097,Constellation Energy Corp,US_large
US92939U1060,WEC Energy Group Inc,US_large
US00724F1012,Adobe Inc,US_large
US92840M1027,Vistra Corp,US_large
US00130H1059,AES Corp/The,US_large
US3021301094,Expeditors International of Wa,US_large
US0311621009,Amgen Inc,US_large
US0378331005,Apple Inc,US_large
US0527691069,Autodesk Inc,US_large
US1729081059,Cintas Corp,US_large
US20030N1019,Comcast Corp,US_large
US60871R2094,Molson Coors Beverage Co,US_large
US4824801009,KLA Corp,US_large
US5719032022,Marriott International Inc/MD,US_large
US3377381088,Fiserv Inc,US_large
US5797802064,McCormick & Co Inc/MD,US_large
US6937181088,PACCAR Inc,US_large
US22160K1051,Costco Wholesale Corp,US_large
US8636671013,Stryker Corp,US_large
US9024941034,Tyson Foods Inc,US_large
US5132721045,Lamb Weston Holdings Inc,US_large
US0382221051,Applied Materials Inc,US_large
US14149Y1082,Cardinal Health Inc,US_large
US1720621010,Cincinnati Financial Corp,US_large
US92556H2067,Paramount Global,US_large
US23331A1097,DR Horton Inc,US_large
US2855121099,Electronic Arts Inc,US_large
US29530P1021,Erie Indemnity Co,US_large
US3032501047,Fair Isaac Corp,US_large
US3119001044,Fastenal Co,US_large
US55261F1049,M&T Bank Corp,US_large
US98389B1008,Xcel Energy Inc,US_large
US3167731005,Fifth Third Bancorp,US_large
US3755581036,Gilead Sciences Inc,US_large
US4180561072,Hasbro Inc,US_large
US4461501045,Huntington Bancshares Inc/OH,US_large
US95040Q1040,Welltower Inc,US_large
US09062X1037,Biogen Inc,US_large
US6658591044,Northern Trust Corp,US_large
US6951561090,Packaging Corp of America,US_large
US7043261079,Paychex Inc,US_large
US7475251036,QUALCOMM Inc,US_large
US7782961038,Ross Stores Inc,US_large
US45168D1046,IDEXX Laboratories Inc,US_large
US8552441094,Starbucks Corp,US_large
US4932671088,KeyCorp,US_large
US35137L1052,Fox Corp,US_large
US35137L2043,Fox Corp,US_large
US8574771031,State Street Corp,US_large
BMG667211046,Norwegian Cruise Line Holdings,US_large
US9029733048,US Bancorp,US_large
US8318652091,A O Smith Corp,US_large
US6687711084,Gen Digital Inc,US_large
US74144T1088,T Rowe Price Group Inc,US_large
US94106L1098,Waste Management Inc,US_large
US21036P1084,Constellation Brands Inc,US_large
BMG491BT1088,Invesco Ltd,US_large
US4612021034,Intuit Inc,US_large
US6174464486,Morgan Stanley,US_large
US5950171042,Microchip Technology Inc,US_large
US22788C1053,Crowdstrike Holdings Inc,US_large
CH0044328745,Chubb Ltd,US_large
US4364401012,Hologic Inc,US_large
US1746101054,Citizens Financial Group Inc,US_large
US4663131039,Jabil Inc,US_large
US67103H1077,O'Reilly Automotive Inc,US_large
US0200021014,Allstate Corp/The,US_large
US29476L1070,Equity Residential,US_large
US49271V1008,Keurig Dr Pepper Inc,US_large
US44107P1049,Host Hotels & Resorts Inc,US_large
US45337C1027,Incyte Corp,US_large
US8288061091,Simon Property Group Inc,US_large
US2774321002,Eastman Chemical Co,US_large
US0534841012,AvalonBay Communities Inc,US_large
US7443201022,Prudential Financial Inc,US_large
US9113121068,United Parcel Service Inc,US_large
US9314271084,Walgreens Boots Alliance Inc,US_large
IE00BFY8C754,STERIS PLC,US_large
US58155Q1031,McKesson Corp,US_large
US5398301094,Lockheed Martin Corp,US_large
US03073E1055,Cencora Inc,US_large
US14040H1059,Capital One Financial Corp,US_large
US1344291091,The Campbell's Company,US_large
US9418481035,Waters Corp,US_large
US6556631025,Nordson Corp,US_large
US2567461080,Dollar Tree Inc,US_large
US2371941053,Darden Restaurants Inc,US_large
US30034W1062,Evergy Inc,US_large
US57667L1070,Match Group Inc,US_large
US62944T1051,NVR Inc,US_large
US64110D1046,NetApp Inc,US_large
US6795801009,Old Dominion Freight Line Inc,US_large
US23918K1088,DaVita Inc,US_large
US4165151048,Hartford Insurance Group Inc/T,US_large
US46284V1017,Iron Mountain Inc,US_large
US5184391044,Estee Lauder Cos Inc/The,US_large
US1273871087,Cadence Design Systems Inc,US_large
US9022521051,Tyler Technologies Inc,US_large
US9139031002,Universal Health Services Inc,US_large
US83088M1027,Skyworks Solutions Inc,US_large
US74834L1008,Quest Diagnostics Inc,US_large
US7739031091,Rockwell Automation Inc,US_large
US5007541064,Kraft Heinz Co/The,US_large
US03027X1000,American Tower Corp,US_large
US75886F1075,Regeneron Pharmaceuticals Inc,US_large
US0231351067,Amazon.com Inc,US_large
US4262811015,Jack Henry & Associates Inc,US_large
US7512121010,Ralph Lauren Corp,US_large
US1011211018,BXP Inc,US_large
US0320951017,Amphenol Corp,US_large
US4432011082,Howmet Aerospace Inc,US_large
US91913Y1001,Valero Energy Corp,US_large
US8716071076,Synopsys Inc,US_large
US12541W2098,CH Robinson Worldwide Inc,US_large
IE00B4BNMY34,Accenture PLC,US_large
US8936411003,TransDigm Group Inc,US_large
US9884981013,Yum! Brands Inc,US_large
US74340W1036,Prologis Inc,US_large
US3379321074,FirstEnergy Corp,US_large
US92343E1029,VeriSign Inc,US_large
US74762E1029,Quanta Services Inc,US_large
US8064071025,Henry Schein Inc,US_large
US0236081024,Ameren Corp,US_large
US03662Q1058,ANSYS Inc,US_large
US3030751057,FactSet Research Systems Inc,US_large
US67066G1040,NVIDIA Corp,US_large
US1924461023,Cognizant Technology Solutions,US_large
US46120E6023,Intuitive Surgical Inc,US_large
US8740541094,Take-Two Interactive Software,US_large
US7607591002,Republic Services Inc,US_large
US2786421030,eBay Inc,US_large
US38141G1040,Goldman Sachs Group Inc/The,US_large
US78410G1040,SBA Communications Corp,US_large
US8168511090,Sempra,US_large
US6153691059,Moody's Corp,US_large
US6821891057,ON Semiconductor Corp,US_large
US09857L1089,Booking Holdings Inc,US_large
US3156161024,F5 Inc,US_large
US00971T1016,Akamai Technologies Inc,US_large
US1598641074,Charles River Laboratories Int,US_large
US57060D1081,MarketAxess Holdings Inc,US_large
US25179M1036,Devon Energy Corp,US_large
US09073M1045,Bio-Techne Corp,US_large
US02079K3059,Alphabet Inc,US_large
IE00BFRT3W74,Allegion plc,US_large
US64110L1061,Netflix Inc,US_large
US00846U1016,Agilent Technologies Inc,US_large
US9344231041,Warner Bros Discovery Inc,US_large
US8962391004,Trimble Inc,US_large
US0367521038,Elevance Health Inc,US_large
US12572Q1058,CME Group Inc,US_large
US48203R1041,Juniper Networks Inc,US_large
US2333311072,DTE Energy Co,US_large
US6311031081,Nasdaq Inc,US_large
US7181721090,Philip Morris International In,US_large
US45687V1061,Ingersoll Rand Inc,US_large
US79466L3024,Salesforce Inc,US_large
US7766961061,Roper Technologies Inc,US_large
US4464131063,Huntington Ingalls Industries,US_large
US59156R1086,MetLife Inc,US_large
US8760301072,Tapestry Inc,US_large
US1264081035,CSX Corp,US_large
US28176E1082,Edwards Lifesciences Corp,US_large
US03076C1062,Ameriprise Financial Inc,US_large
US9892071054,Zebra Technologies Corp,US_large
US98956P1021,Zimmer Biomet Holdings Inc,US_large
US1331311027,Camden Property Trust,US_large
US12504L1098,CBRE Group Inc,US_large
US57636Q1040,Mastercard Inc,US_large
US1431301027,CarMax Inc,US_large
US45866F1049,Intercontinental Exchange Inc,US_large
US31620M1062,Fidelity National Information,US_large
IE00028FXN24,Smurfit WestRock PLC,US_large
US1696561059,Chipotle Mexican Grill Inc,US_large
US9831341071,Wynn Resorts Ltd,US_large
US5380341090,Live Nation Entertainment Inc,US_large
US04621X1081,Assurant Inc,US_large
US6293775085,NRG Energy Inc,US_large
US61174X1090,Monster Beverage Corp,US_large
US7591EP1005,Regions Financial Corp,US_large
US05722G1004,Baker Hughes Co,US_large
US61945C1036,Mosaic Co/The,US_large
US30212P3038,Expedia Group Inc,US_large
US1252691001,CF Industries Holdings Inc,US_large
US03743Q1085,APA Corp,US_large
US5253271028,Leidos Holdings Inc,US_large
US02079K1079,Alphabet Inc,US_large
US87256C1018,TKO Group Holdings Inc,US_large
US3364331070,First Solar Inc,US_large
US19260Q1076,Coinbase Global Inc,US_large
US92826C8394,Visa Inc,US_large
US59522J1034,Mid-America Apartment Communit,US_large
US98419M1009,Xylem Inc/NY,US_large
US56585A1025,Marathon Petroleum Corp,US_large
US8923561067,Tractor Supply Co,US_large
US0079031078,Advanced Micro Devices Inc,US_large
US7611521078,ResMed Inc,US_large
US5926881054,Mettler-Toledo International I,US_large
US9256521090,VICI Properties Inc,US_large
US2172041061,Copart Inc,US_large
US46982L1089,Jacobs Solutions Inc,US_large
US0126531013,Albemarle Corp,US_large
US34959E1091,Fortinet Inc,US_large
US60770K1079,Moderna Inc,US_large
US2971781057,Essex Property Trust Inc,US_large
US22160N1090,CoStar Group Inc,US_large
US7561091049,Realty Income Corp,US_large
US9297401088,Westinghouse Air Brake Technol,US_large
US69608A1088,Palantir Technologies Inc,US_large
US73278L1052,Pool Corp,US_large
US9581021055,Western Digital Corp,US_large
US7134481081,PepsiCo Inc,US_large
IE000IVNQZ81,TE Connectivity PLC,US_large
US25278X1090,Diamondback Energy Inc,US_large
US6974351057,Palo Alto Networks Inc,US_large
US81762P1021,ServiceNow Inc,US_large
US1713401024,Church & Dwight Co Inc,US_large
US3137451015,Federal Realty Investment Trus,US_large
US5529531015,MGM Resorts International,US_large
US0255371017,American Electric Power Co Inc,US_large
US46187W1071,Invitation Homes Inc,US_large
US69370C1009,PTC Inc,US_large
US4456581077,JB Hunt Transport Services Inc,US_large
US5128073062,Lam Research Corp,US_large
US6081901042,Mohawk Industries Inc,US_large
US36266G1076,GE HealthCare Technologies Inc,US_large
IE00BLS09M33,Pentair PLC,US_large
US92532F1003,Vertex Pharmaceuticals Inc,US_large
JE00BJ1F3079,Amcor PLC,US_large
US30303M1027,Meta Platforms Inc,US_large
US8725901040,T-Mobile US Inc,US_large
US9113631090,United Rentals Inc,US_large
US0152711091,Alexandria Real Estate Equitie,US_large
US4385161066,Honeywell International Inc,US_large
US2473617023,Delta Air Lines Inc,US_large
US9100471096,United Airlines Holdings Inc,US_large
IE00BKVD2N49,Seagate Technology Holdings PL,US_large
US65249B2088,News Corp,US_large
US15135B1017,Centene Corp,US_large
US03769M1062,Apollo Global Management Inc,US_large
US5732841060,Martin Marietta Materials Inc,US_large
US8807701029,Teradyne Inc,US_large
US70450Y1038,PayPal Holdings Inc,US_large
US88160R1014,Tesla Inc,US_large
US09290D1019,Blackrock Inc,US_large
US48251W1045,KKR & Co Inc,US_large
BMG0450A1053,Arch Capital Group Ltd,US_large
US2605571031,Dow Inc,US_large
BMG3223R1088,Everest Group Ltd,US_large
US8793601050,Teledyne Technologies Inc,US_large
US25754A2015,Domino's Pizza Inc,US_large
US36828A1016,GE Vernova Inc,US_large
US65249B1098,News Corp,US_large
US30161N1019,Exelon Corp,US_large
US37940X1028,Global Payments Inc,US_large
US22822V1017,Crown Castle Inc,US_large
US0162551016,Align Technology Inc,US_large
US49177J1025,Kenvue Inc,US_large
US87612G1013,Targa Resources Corp,US_large
CH1300646267,Bunge Global SA,US_large
US5018892084,LKQ Corp,US_large
US2435371073,Deckers Outdoor Corp,US_large
US98138H1014,Workday Inc,US_large
US98978V1035,Zoetis Inc,US_large
US29444U7000,Equinix Inc,US_large
US2538681030,Digital Realty Trust Inc,US_large
US60855R1005,Molina Healthcare Inc,US_large
US5178341070,Las Vegas Sands Corp,US_large
